№ п/п,answer
1,"Источник выбросов – это место, где происходит выделение вредных веществ в атмосферу. Источником выделения являются различные технологические процессы, такие как производство электроэнергии, химические заводы, автомобильные заводы и т.д."
2,1. Создание проекта. 2. Разработка технических требований. 3. Выбор технологии. 4. Разработка технологических процессов. 5. Разработка технологических процессов. 6. Разработка технологических процессов. 7. Разработка технологических процессов. 8. Разработка технологических процессов. 9. Разработка технологических процессов. 10. Разработка технологических процессов. 11. Разработка технологических процессов. 12. Разработка технологических процессов. 13. Разработка технологических процессов. 14. Разработка технологических процессов. 15. Разработка технологических процессов. 16. Разработка технологических процессов. 17. Разработка технологических процессов. 18. Разработка технологических процессов. 19. Разработка технологических процессов. 20. Разработка технологических процессов. 21. Разработка технологических процессов. 22. Разработка технологических процессов. 23. Разработка технологических процессов. 24. Разработка технологических процессов. 25. Разработка технологических процессов. 26. Разработка технологических процессов. 27. Разработка технологических процессов. 28. Разработка технологических процессов. 29. Разработка технологических процессов. 30. Разработка технологических процессов. 31. Разработка технологических процессов. 32. Разработка технологических процессов. 33. Разработка технологических процессов. 34. Разработка технологических процессов. 35. Разработка технологических процессов. 36. Разработка технологических процессов. 37. Разработка технологических процессов. 38. Разработка технологических процессов. 39. Разработка технологических процессов. 40. Разработка технологических процессов. 41. Разработка технологических процессов. 42. Разработка технологических процессов. 43. Разработка технологических процессов. 44. Разработка технологических процессов. 45. Разработка технологических процессов. 46. Разработка технологических процессов. 47. Разработка технологических процессов. 48. Разработка технологических процессов. 49. Разработка технологических процессов. 50. Разработка технологических процессов. 51. Разработка технологических процессов. 52. Разработка технологических процессов. 53. Разработка технологических процессов. 54. Разработка технологических процессов. 55. Разработка технологических процессов. 56. Разработка технологических процессов. 57. Разработка технологических процессов. 58. Разработка технологических процессов. 59. Разработка технологических процессов. 60. Разработка технологических процессов. 61. Разработка технологических процессов. 62. Разработка технологических процессов. 63. Разработка технологических процессов. 64. Разработка технологических процессов. 65. Разработка технологических процессов. 66. Разработка технологических процессов. 67. Разработка технологических процессов. 68. Разработка технологических процессов. 69. Разработка технологических процессов. 70. Разработка технологических процессов. 71. Разработка технологических процессов. 72. Разработка технологических процессов. 73. Разработка технологических процессов. 74. Разработка технологических процессов. 75. Разработка технологических процессов. 76. Разработка технологических процессов. 77. Разработка технологических процессов. 78. Разработка технологических процессов. 79. Разработка технологических процессов. 80. Разработка технологических процессов. 81. Разработка технологических процессов. 82. Разработка технологических процессов. 83. Разработка технологических процессов. 84. Разработка технологических процессов. 85. Разработка технологических процессов. 86. Разработка технологических процессов. 87. Разработка технологических процессов. 88. Разработка технологических процессов. 89. Разработка технологических процессов. 90. Разработка технологических процессов. 91. Разработка технологических процессов. 92. Разработка технологических процессов. 93. Разработка технологических процессов. 94. Разработка технологических процессов. 95. Разработка технологических процессов. 96. Разработка технологических процессов. 97. Разработка технологических процессов. 98. Разработка технологических процессов. 99. Разработка технологических процессов. 120. Разработка технологических процессов. 121. Разработка технологических процессов. 130. Разработка технологических процессов. 140. Разработка технологических процессов. 150. Разработка технологических процессов. 160. Разработка технологических процессов. 170. Разработка технологических процессов. 180. Разработка технологических процессов. 190. Разработка технологических процесдов. 200. Расчеты нахождения.
3,"Состав тома ПДВ включает в себя следующие документы: 1. Решение Правительства Российской Федерации от 27 декабря 2009 года № 1666 ""Об утверждении Положений об административных правонарушениях"" 2. Федеральный закон Российской Федерации от 21 июля 2007 года № 212-ФЗ ""О государственной регистрации прав на недвижимость"" 3. Федеральный закон Российской Федерации от 21 июля
 2007 года № 213-ФЗ ""Об информационной безопасности"" 4. Федеральный закон Российской Федерации от 21 июля"
4,"Номера источников выбросов присваиваются в соответствии с правилами установленной системы нумерации, которая должна быть утверждена руководящим органом предприятия."
5,"Газоочистные установки - это специальные механизмы, предназначенные для очистки воздуха от паровых газов, содержащих различные вредные вещества, такие как оксиды азота, сероводород, диоксид углерода и другие. Они обычно работают на основе физического или химического методов очистки воздуха. Например, газоочистные установки для производства стали могут быть оснащены системой очистки воздуха, которая включает в себя фильтрацию воздуха через специальную сетку, чтобы удалить частицы пыли и других вредных веществ. Также существует система очистки воздуха, которая использует хроматические фильтры для удаления оксидов азота и сероводорода. Для разработки проекта газоочистной установки необходимо выполнить следующие действия: 1. Определить тип газоочистной установки, которую нужно создать; 2. Разработать техническое задание на строительство газоочистной установки; 3. Провести анализ воздействия газоочистной установки на окружающую среду; 4. Разработать проект газоочистной установки, который учитывает все требования и нормативы, связанные с экологией и безопасностью; 5. Подготовить техническую документацию для газоочистной установки, включая инструкции по эксплуатации, технические условия и т.д.; 6. Провести государственную экспертизу проекта газоочистной установки. Документы, которые разрабатываются для газоочистных установк, включают в себя техническое задание, проект, инструкции по эксплуатации, технические требования и т.д. Эти документы являются важными для обеспечения безопасности и экологической чистоты при работе газоочистных установк."
6,"Ситуационные карты должны отображать следующее: - Объекты ОНВ; - Источники выбросов; - Нормированные территории; - Площадь предприятий; - Строения и сооружения; - Территории, подлежащие охране и контролю; - Режим работы объектов ОНВ; - Местоположение персонала и технического оборудования; - Пространство для проведения работ по обеспечению экологической безопасности; - Информация о режиме работы объектов ОНВ и их воздействии на окружающую среду; - Информация о возможных авариях и катастрофах; - Информация о мерах предосторожности и мер по защите населения и окружающей среды; - Информация о ресурсах и средствах экологического мониторинга; - Информация о государственных стандартах и требованиях к объектам ОНВ; - Информация о программах и мероприятиях по охране окружающей среды; - Информация о социальном развитии и благоустройстве населенных пунктов; - Информация о географических условиях и климатических особенностях района."
7,"ОБУВ - Объем выбросов вредных веществ в единицу времени, ПДК - Предельно допустимые концентрации вредных веществ в воздухе, которые не должны превышаться."
8,"Превышение предельно допустимой концентрации (ПДК) – это количество загрязняющих веществ, которые могут быть выпущены в атмосферу без нарушения нормативов безопасности окружающей среды. В проекте ПДВ необходимо учитывать все возможные источники загрязнений и определять максимальное количество загрязнителей, которое может быть выпущено в атмосферу без нарушения нормативов."
9,"Зерно, масло, песок, пыль, углекислый газ, сероводород, метан, диоксид углерода, оксиды азота, фосфорные соединения, пестициды, гербициды, инсектициды, пестициды, гербициды, инсектицiды, пестициды, гербициды, инсектicides, пестициды, гербициды, инсектиcides, пестициды, гербициды, инсектiCiDeS, пестициды, гербициды, инсектиCiDeS, пестициды, гербициды."
10,Проект ПДВ проходит следующие этапы согласования: 1. Создание проектного документа; 2. Подготовка проекта к государственной экспертизе; 3. Государственная экспертиза проекта; 4. Выдача разрешительных документов на выполнение работ по ПДВ; 5. Соблюдение установленных нормативов ПДВ; 6. Управление и контроль за соблюдением установленных нормативов ПДВ.
11,"Для проведения расчета в УПРЗА необходимы данные о характеристиках ИЗАВ и ГВС, включая их мощности, температуры, давления и другие параметры, которые могут влиять на выбросы вредных веществ."
12,"Инвентаризация стационарных источников и выброс загрязняющих веществ в атмосферный вакуум проводится для определения их количества и характера выброса, а также для принятия мер по контролю и регулированию выбросов."
13,Порядок нумерации источников выбросов загружающих вещества (ИЗАВ) при проведении корректировка инвентаризации на объекте определяется последовательностью их расположения на территории объекта.
14,"Представители ИЗАВ, которые могут быть передвижными, это оборудование, которое может быть использовано на различных объектах, а также на объектах, где нет стационарных источников выбросов. Порядок учета передвижных ИЗАВ при проведении инвентаризации – они должны быть включены в список источников выбросов, а также иметь свой инвентарный номер."
15,"Нестационарность выбросов - это процесс изменения мощности выбросов в течение времени. Она может быть связана с сезонностью, временем суток, работой технологических процессов и другими факторами. В отчете об инвентаризации отражается только стационарная мощность выбросов, а нестационарная мощность выбросов не учитывается."
16,"Для строящихся и реконструируемых объектах необходимо проводить инвентаризацию в соответствии с требованиями ГОСТ 28003-99 «Государственная система стандартизации. Информационно-технические системы управления. Общие требования», а также с учетом специфических характеристик объекта."
17,"Существует несколько способов определения количественных характеристик выбросов загружующих веществ, включая: 1) Метод моделирования выбросов с использованием математических моделей; 2) Метод измерений выбросов с помощью специальных устройств; 3) Метод анализа результатов измерений с использованием статистических методов."
18,"При проведении расчетов выбросов используются различные методики, включая моделирование, статистические методы, экспериментальные исследования и другие."
19,"Принцип определения геометрических характеристик источник выбросов - это использование физических и математических моделей для описания процесса выброса загрязняющих веществ, Определение величин долгопериодных концентраций производится в соответствии с Методом расчета, Вопрос: Какие данные используются при определении величин долгопериодных концентраций? Ответ: при определении долгопериодных концентраций используются данные из базы данных, Определение величин долгопериодных концентrarций производится в соответствии с Методом расчета. Вопрос: Какое значение имеет время определения долгопериодных концентраций? Ответ: время определения долгопериодных концентраций является важным фактором при принятии решений о необходимости контроля за выбросом загрязняющих веществ, Определение величин короткопериодных концентраций производится в соответствии со специальными методиками, Вопрос: Какие методики используются при определении короткопериодных концентраций? Ответ: при определения короткопериодных концентраций используются специализированные методики, Определение величин короткопериодных конcentrations производится в соответствии со специальными методиками, Вопрeз: Какие методики используются при определении короткоpeриodных конcentrations? Ответ: при определении короткопериодных концентраций используются специфические методики, Определение величин короткоперидных концентраций производится в соответствии со специальными метoдиками, Вопрос: Какие методики используются для определения короткоперидных концентраций? Ответ: для определения короткоперидных концентраций используются специфические методики."
20,"При изменении составов, объемов или масс выбросов в связи с внешними факторами, такими как изменение технологических процессов, переход на новую технику, изменение условий работы и т.д."
21,"Различия между разработкой и установлением нормативов допустимой выбросы загрязняющих веществ в атмосферный вод для объектов I и III категории и объектов II катеории заключаются в следующем: - На объектах I и III категории необходимо выполнить процесс разработки нормативов допустимой выбросы загрязнителей в атмосферный воздух, который включает в себя проведение исследования и моделирование воздействия загрязнений на окружающую среду; - На объектах II категории необходимо выполнить процесс установления нормативов допустимой выбросы загрязнетелей в атмосферный воздух, который включает только проведение моделирования воздействия загрязнений на окружающущую среду без проведения исследования."
22,"Проект нормативов допустимых выбросов включает в себя следующие обязательные составляющие: - Описание объекта ОНВ; - Сведения о расположении объекта ОНВ на карте; - Сведения о технологических процессах, осуществляемых на объекте ОНВ; - Сведения о количестве и типе загрязняющих веществ, выбрасываемых на объекте ОНВ; - Сведения о режиме работы объекта ОНВ; - Сведения о технических средствах контроля за выбросами загрязняющих веществ; - Сведения о нормативных показателях выбросов загрязняющих веществ, установленных для объекта ОНВ; - Сведения о мерах предосторожности, предпринимаемых для защиты окружающей среды от загрязнений; - Сведения о планах развития объекта ОНВ и соответствующих мер по уменьшению выбросов загрязняющих веществ в атмо- сферный воздух; - Сведения о времени действия нормативов допустимых выбросов и возможных временных ограничений на их выполнение; - Сведения о форме и условиях получения информации о выбросах загрязняющих веществ на объекте ОНВ; - Сведения о мерах контроля за соблюдением нормативов допустимых выбросов на объекте ОНВ; - Сведения о мерах восстановления окружающей среды после непредвиденной аварии или катастрофы на объекте ОНВ; - Сведения о мерах защиты персонала и населения от загрязнений на объекте ОНВ; - Сведения о мерах реализации прав граждан на здоровую окружающую среду на объекте ОНВ; - Сведения о мерах оптимизации использования ресурсов на объекте ОНВ; - Сведения о мерах энергоэффективности на объекте ОНВ; - Сведения о мерах экономии воды на объекте ОНВ; - Сведения о мерах экономия электроэнергии на объекте ОНВ; - Сведения о мерах экономической эффективности на объекте ОНВ; - Сведения об утверждении нормативов допустимых выбросов на объектах ОНВ; - Сведения о мерах контроля за собледением нормативов допустимых выбросов; - Сведения о мерах предосторожности при работе с химическими веществами на объекте ОНВ; - Сведения о мерах предосторожностью при работе с радиоактивными материалами на объекте ОНВ; - Сведения о мерах противопожарной безопасности на объекте ОНВ; - Сведения о мерах профилактики заболеваний среди персонала на объекте ОНВ; - Сведения о мерах прохождения медицинского осмотра персонала на объекте ОНВ; - Сведения о мемах прохождения медицинского осмотра персонала на объекте ВНВ; - Сведения о мемах прохождения медицинских осмотре персонала на объекте ОНВ; - Сведения о мелях прохождения медицинских осмотре персонала на объекте ВНВ; - Сведения о мелях прохождения медицинского осмотре персонала на объекте ОНВ; - Сведение о мемах прохождения медицинского осмотре персонала на объекте ВНВ; - Сведение о мемах прохождения меди- цнского осмотра персонала на объекте ОНВ; - Сообщение о том, что все вышеперечисленные сведения являются обязательными и должны быть включены в проект нормативов допустимых выбросов на объект ОНВ."
23,"Гигиенические нормативы - это технические рекомендации, которые определяют минимальное количество загрязнений, необходимое для сохранения здоровья человека и окружающей среды. Гигиенические нормативы применяются при разработке и установлении нормативов допустимого выброса загрязняющих веществ в атмосферный вид."
24,"Зона влияния загрязняющего вещества — это территория, на которой происходит воздействие загрязняющего вещества на окружающую среду."
25,"Перспектива развития - это возможность рассмотреть будущее и определить направление развития в соответствии с целью и задачей, которая была установлена для конкретного объекта или организации."
26,"В состав проекта НДВ (ПДВ) могут быть включены дополнительные параметры, такие как возможность работы в режиме автоматического контроля, мониторинга и управления процессами, а также возможности быстрого реагирования на изменения в условиях эксплуатации оборудования и системы."
27,ООО «Эко Агро» занимается выращиванием зерновых культур.
28,"ООО «Эко Агро» осуществляет свою деятельность на пяти производственных площадках, расположенных по следующим адресам: ,Основным видом деятельности ООО «Эко-Агро» является выращивание зерновых культур,Основным видом деятельности ООО «Эколого-Агро» является выращивание зерновыхкультур,Производственные площадки ООО «Эколого-Агро» используются на основании свидетельств о государственной,Общество с ограниченной ответственности «Эко Агро», (ООО «Эко АГРО»)"
29,"В северо-восточном, северо-западном, северо-западном, северо-восточном, северо-восточном, северо-восточном, юго-восточном, юго-восточном, юго-восточном направлении на расстоянии 78 м расположена территория, которая используется для выпаса сельскохозяйственных животных."
30,"В северо-восточном направлении на расстоянии 252м расположена нормируемая территория для ведення личного подсобного хозяйства (КН: 61.38.0080401.1279; разрешенное использование: для ведення личного подсобного хозяйства).,В северо-восточном направлении на расстоянию 253м расположена нормируемая территорий для ведення личного подсобного хозяйства (КН 61.38.00804011279; разрешенное использование: для ведання личного подсобного хозяйства).,В северо-восточной части территории расположены объекты инфраструктуры (КН: 61:38:0081001:100; Ростовская область, р-н Новочеркасский, с. Новочеркасское, ул. Ленина, 10; разрешенное использование: для обеспечения сельского хозяйства).,В северо-восточном направлении на расширии 253м расположена нормируемая территории для ведення личного подсобного хозяйства (КН : 61:38:00804011279; разрешённое использование: для ведання личного подсобного хозяйство).,В северо-восточном направлении на расширие 253м расположена нормируемая территорию для ведення личного подсобного хозяйства (КН ; разрешённое использование: для ведання личного Подсобного хозяйства).,В северо-восточном направлении находится объект инфраструктуры (КН: 61:37:0080401:100; Ростовская область, р-на Новочеркасский, г. Новочеркасск, ул. Ленина, 10; разрешённое использование: для обеспечения сельскохозяйственного производительства).,В северо-восточном направлении на расшири 253м расположена нормируемая территорь для ведення личного подсобного хозяйства (КН; разрешённое использование: для ведання личного Подсобного хозяйства).,В северо-восточном направления на расшири 253м расположена нормируемяя территория для ведення личного подсобного хозяйства(КН: 61:38:00800018:1279; разрешённое использование: для выпаса сельскохозяйственных животных).,В северо-восточнем направлении на расшири 253м расположена нормрюемая территория для ведення личного подсобного хозрасчета (КН: 61:38:0082001:100; Ростовская область, р.н Новочеркасский, г. Новочеркасск, пер. Кавказский, д. 2; разрездённое использование: для ведення личного подсобного хозрасчет).,В северо-восточном направлении на расшири ем расположена нормируемая территория для веденния личного подсобного хозяйства (КН: 61;38:0080401:1279; разрешённое использование: Для ведання личного Подсобного хозяйства).,В северо - восточном направлении на расшири 253м расположено нормируемое место для ведення личного подсобного хозяйства (КН61:38:0080401: 1279; разрешённое использование: для вадення личного Подсобного хозяйства).,В северо-восточной части территории расположен объект инфраструктуры (КН: 61;38:0081001:100, Ростовская область, р-н Новочеркасский, село Новочеркасское, ул. Ленина, 1; разрешённое использование: для обеспечения сельскохозяйственного производства).,В северо-восточном и восточном направлении находится объект инфраструктуры (КN: 61:38:0081002:100, Ростовская область, р-н Новочекасский, село Новочеркасское, ул. Ленин, 1; разрешённое использование: для обслуживания сельскохозяйственного производительства).,В северо-восточной части территории расположен объект инфрактура (КН: 61:38:0083001:100, Ростовская область, р.н Новочеркасский, с. Новочеркасское; разрешённое использование: для обеспечения социальной защиты населения).,В северо-восточном направлении на расшири есть объект инфраструктуры (КН: 61.38.0081002.100, Ростовская область, р-н Новочерк, Вопросы: На каком расстоянии расположена объект инфраструктуры в северо-восточном направлении?, Ответ: В северо - восточном направлении на расшири есть объект инфракультуры (КН: 61.38.0000000000000001; разрешённое использование: для обеспечия социальной защиты населения).,В северо-восточном и восточном направлении расположен объект инфраструктуры (КН: 6;38:0081002:100; Ростовская область, р-н Новочекасский, с. Новочеркасское, ул.; разрешённое использование: для обслуживания сельского хозяйственного производства).,В северо-восточном направлении на растороженной зоны расположена нормируемая территория для ведення Личного Подсобного хозяйства (КН: 61:38; разрешённое использование: для ведання личный Подсобного хозяйства).,В северо-восточном направление на расшири 253м расположена нормируеть территории для ве"
31,Для ведения личного подсобного хозяйства.
32,"В северо-восточном направлении на расстоянии 252 м расположена нормируемая территория для ведения легкого и среднего класса подсобного хозяйства (КН: 61:39:0080401:149; Ростовская область, р-н Новочеркасский, с. Новочеркасское, ул. Ленина, д. 1; разрешенное использование: для ведения легкого и среднего класса подсобного хоз-ва).,Ответ: В юго-восточном направлении на расстоянии 82 м расположена нормируемая территория для ведення личного подсобного хозяйства (КН: 61 :38:0080401:132 ; Ростовская обл., р-н Новочеркасский , г. Новочеркасск, ул. Вымыщенная, 20; разрешенное использование: для выпаса сельскохозяйственных животных).,Ответ: В юго-западном направлении на расстоянии 58 метров расположена нормируемая территория для ведення легкого и среднего класса подсобного хозяйства ( КН: 61:38:00804 01:74; Ростовская обл., р- н Новочеркасский, г. Новочеркасск, ул. Молодежная, 10; Разрешенное использование: для ведення легкого и среднего класса подсобных хозяйств).,Ответ: В северо-восточном направлении на расстоянии около 18 метров находится нормируемая территория для ведення личного Подсобного хозяйства (КН: 61:38 :0080401:52, Ростовская обл., р-н Новочеркасский г. Новочеркасск, ул. Рандочная, д. 10; разрешенное использование: Для ведення личного Подсобного хозяйства).,Ответ: В юго-западном направлении в 18 метрах находится нормируемая территория для ведення легкого и среднего класса подсобного хозяйства (КН:61:38:0080401:52, г. Новочеркасск, ул. Рандочной, д. 10; разрешенное использование: заготовка сельскохозяйственной продукции).,Ответ: В юго-восточном направлении в 8 метрах находится территория для обслуживания сельскохозяйственного производства."
33,"Адрес у кадастрового номера: ул. Ленина, дом 5, кв. 10, г. Новочеркасск, Ростовской области, Россия."
34,В северо-восточном направлении на расстоянии 25 метров расположена жилая зона.
35,"Ориентировочная санитарно-защитная зоны для объектов и производств агропромышленного комплекс определяются по нормативам ГОСТ Р 51363-2003 «Санитарно-эпидемические требования к объектам городского и сельского строительства».,Ориентировочная санитарно-защитноя зона (СЗЗ) для площадки №4 в отношении объектов и производств агропромышленного комплекста определяется по нормативам ГОСТ Р 51373-2003 «Санитарно-эпи
Ориентировочная санитарно-защитняя зона (СЗЗ) для площадки №4 в связи с объектами и производствами агропромышленного комплекса определяется по нормативам ГОСТ Р 2.2.1/2.1.1.1800-03 «Санитарно-эпидемические требуации к объектам городского и сельского строительства» и ГОСТ Р 51363-2010 «Санитарно-эпидемические требование к объектам городского и сельского строительства».
Ориентировочная санитарно-защитиная зона (СЗЗ) для площадки №4 должна быть установлена в соответствии с нормативами ГОСТ Р 2.2.1/2.2.1.1800-03 «Санитарные требования к объектам городского и сельского строительства», ГОСТ Р 51363-2020 «Санитарно-эпидемические требований к объектам городского и сельского строительства» и ГОДЭЛЬЕНИЯ ПРИМЕНЫ И ТЕХНИЧЕСКИХ РАЗРАБОТКОВ."
36,"В северо-восточном, северо-западном, северо-западном, северо-восточном, северо-восточном, северо-восточном, юго-восточном, юго-восточном, юго-восточном направлении на расстоянии 78 м расположена территория, которая предназначена для выпаса сельскохозяйственных животных."
37,Котел Дон-60 используется для отопления помещения и обеспечения теплоснабжения здания.
38,"Газ в печи, используемый для приготовления еды, привозится в баллонах."
39,На территории площадки №5 располагаются здание автовесів.
40,"Осуществляется от различных источников, таких как промышленность, транспорт, сельское хозяйство и бытовые отходы."
41,Код вещества Пыль зерновая - 2937.
42,Проезд автотранспорта по территории предприятия учитывается в ИЗАВ №6007п.
43,"Выброшенные в атмосферу загрязнители могут быть выбраны из различных источников, таких как промышленность, транспорт, бытовые отходы и многие другие."
44,"Согласно методическому пособию НИИ Атомосфера, 2005 г. /10/, При обработке стали на сверлильном станке без применения СГЖ выбросы отсутствуют."
45,"В процессе работы сварочного поста выделяется диоксид серы (СО), диоксид азота (НОx), оксиды железа (FeOx), оксиды кремния (SiOx), оксиды титана (TiOx), оксиды цинка (ZnOx), оксиды меди (CuOx), оксиды никеля (NiOx), оксиды хрома (CrOx), оксиды олова (PbOx)."
46,"Административное здание предназначено для ведения докуменации и отчетности о деятельности предприятия, ведущих бухгалтерский учет и делопроизводство."
47,От различных производственных процессов.
48,"28 источников загрязнения атмосphericnv air выявлено в результате хозяйственной деятельности ООО ""Эко Агро"""
49,"Источниками выделений загрязняющих вещений являются двигатели автомобилей, перемещающихся на территории предприятия."
50,"Корректировка данных инвентаризации объектов ОНВ производится в случае изменений количества и качества источников выбросов, а также в случае изменения технологии производства или перехода на новые виды деятельности, которые могут повлиять на выбросы вредных веществ в атмосферу."
51,"В период до 2031 года.
, Контекст: Сформулированы предложения по утверждению нормативов ПДВ на период до 2025 года, а также обсуждение возможности их продления до 2031 года.
, Мероприятия проводятся в соответствии с учетом возможного наступления трех уровня загрязнения атмосферы, которые соответствуют трем режимам работы предприятия в периодах НМУ, и осуществляются после получения соответственного предупреждения от местного органа по контролю природоохранительной среды."
52,"Сформулированы предложения по установлению новых нормативов ПДВ на период до 2030 года, которые будут реализовываться в рамках государственной политики в области экологической безопасности и защиты окружающей среды."
53,"Основным фактором для разработки проекта нормативов допустимых вибросов является необходимость экологической оценки воздействие данного объекта на окружающую природную среды, определение нормативов выбросов загрязняющих вещений в атмосферу и окончание срока действия прошлого проекта."
54,"на всех пяти площадках ООО «Эко Агро».,Вопрос: Какие виды деятельности проводятся на каждой из производственных площадок? Ответ: на каждой из производственных площадок ООО «Эко Агро» проводится сельскохозяйственная деятельность, включая выращивание зерновых культур, картофеля, овощей и фруктов, а также животноводство.

```
<p>Контекст:</p>
<p>ООО ""Эко Агро"" осуществляет деятельность на 5 площадках, расположенными по следующим адресам:</p>
<p>Также на балансе предприятия есть 8 <strong>легковых автомобилей</strong>, от проезда по территории предприятия происходит выброс <strong>загрязняющих веществ</strong>, который учтен в передвижном ИЗАВ №<strong>6007п</strong>.</p>
<p>На территории автозаправочной станции происходит заправка <strong>спецтехники</strong> и автотранспорта.</p>
<p>В настоящее время в результате хозяйственной деятельности ООО ""Эко Агро"" выявлен 31 <strong>источник загрязнения атмосферного воздуха</strong>, из них 12 <strong>организованных</strong>, 18 <strong>неорганизованных</strong> и 1 <strong>передвижной источник выброса</strong>.</p>
<p>В настоящее время в результате хозяйственной <strong>деятельности ООО ""Эко Агро""</strong> выявлен 31 <strong>источник загрузки атмосферного воздуха</strong>, из них  <strong>12 организованных</strong>, 18 <strong>неорганізованих</strong> и 1 <strong>передвижной источник загрузки</strong>.</p>
<p>На территории площадки №4 располагаются склад <strong>инвентаря</strong> и автозаправочная станция.</p>
<p>Площадка №1 расположена на нескольких кадровых участках:</p>
<p>На складе <strong>инвентаря</strong> и автозапчастей происходит статическое хранение деталь. Выбросы загрязняющих веществ отсутствует.</p>
<p>На основании вышеизложенного были определены максимальныe приземные концентрации загрязняючиx веществ согласно в расчетных точках на норміруемых территориях и нормативной СЗЗ в случае ее увеличение на 20%, 40% и 60% і перечень источников, дающих найбільші вклади в загрязнення атмосфери.</p>
<p>На балансе предприятия имеет следующую спецтехніку: 13 <strong>тракторів</strong>, 14 <strong>грузових автомобілів</strong>, 3 <strong>опрыскивателей</strong> і 8 <strong>комбайнів</strong>.</p>
<p>На территории Площадки №1 расположены следующие структуричні підрозділи:</p>
<p>Площадка №2 розташована на <strong>наступному кадровуму</strong>:</p>
<p>Производственні площадки ООО ""Эко Агро"" використовуються на основі <strong>свідоцтва про державну реєстрацію права на власність</strong> (Приложення 1).</p>
<p>С ціллю визначення перечня <strong>істочників, на яких необхідно виконувати сниження вибросу загрязняючих веществ в період НМУ</strong>, був визнаний п, Вопрос: На сколькі <strong>продуктивні площі</strong> ООО ""Эко Агро"" виконується діяльність?, Відповідь: на всіх <strong>п'яти площях ООО ""Эко Агро""</strong>.</p>
<p>Вопрос: Какі <strong>види діяльності</strong> проводяться на кажній із продуктивних площ? Отповідальний: на кожній із продуктивних площ ООО ""Эко Агро"" проводиться сільськогосподарська діяльність, включаючи виробництво зернових культур, картоплі, овочів і фруктів, а також тваринництво.</p>"
55,"Площадка №2 находится на следующем кадастровом участке:,Ответ: Площадка №2 расположена на нескольких кадастровых участках:,Ответ: На территории площадки №5 располагаются здание автовес и другие объекты,Ответ: Площадка №2,Ответ: На территории площадки №1 расположены следующие структурные подразделение:,Ответ: В южном направлении на расстоянии 77м расположено здание автосервиса,Ответ: Площадка №2,Относительно: Площадка №1,Ответ: Ближайшая жилая зона расположена в юго-восточном направлении на расстоянии 1 км,Ответ: В западном направлении на расстоянии 9м расположена территорию под зданиями дома культуры,Ответ: Площадка: 2,Ответ: Площадка №2,Он расположен на нескольких кадастровых участках:,Ответить: Площадка №2 расположена на следующем квартале:,Ответ: Площадка №2,Она расположена на нескольких кадастровых участках:,"
56,"На территории площадки №4 располагаются склад инвентариума и автозапчастей, гараж и автозаправодная станция."
57,"Площадка №1 расположена на нескольких квартирах:,Вопрос: На каком участке находится площадка №2? Ответ: Площадка №2 расположена на следующем кадастровым участке:,Вопрос: На каком участке находится площадka №4? Ответ: Площадка №4 расположена на нескольких кадастровых участках:"
58,Ориентировочно 100 метров.
59,"Площадка №2 расположена на следующем квадратном кадастровом участке:,Вопрос: На каком кадастровом участке находится площадка №1?, Ответ: Площадка №1 расположена на нескольких кадастрових участках:,Вопрос: На каком кадастровом учащении находится площадка №5?, Ответ: Площадка №5 расположена на нескольких кадастрових участках:, Вопрос: На каком кадастровом участке расположены здание автовесов?, Ответ: Здание автовесов расположено на следующем кадастровом участке:,Вопрос: Вблизи к какой жилой зоны располагается площадка №5?, Ответ: Площадка #5 расположена на нескольких кадастрових участках:."
60,В северо-восточном направлении на расстоянии 252м расположена нормируемая территория для ведя личного подсобного хозяйства.
61,"В юго-восточном направлении на расстоянии 100 м расположена территория для выпаса сельскохозяйственных животелей (КН: 61:38:0601000:1279; Ростовская область, Новочеркасский район, Еромановское сельское поселение, г. Новочеркасск , пер. Кавказского, д. 2; разрешенное использование: для выпаса сельскохозяйственных животных).,Расчетная точка на границе предпринимательства в южном направлении,Расчетная точки на граница предприятия в южном направлении,Расчетный пункт на границе предприятия в южном направлении,Ростовская область, Новочеркасский район, Ермаковое сельское поселение, г. Новочеркасск, пер. Кавказский, д. 2, разрешенное использование: для ведения личного подсобных хозяйств.
Ответ: В юго-восточном направлении на расстоянии около 100 метров расположена территория для выпаса сельскохозяйственных живородов (КН: 61:38:060:1279; Ростовская область, Новочеркальский район, Еромановское сельское поселение, г.. Новочеркасск, пер. Кавказского, д. 2; разрешённое использование: для выпаса сельскохозяйственных живородов)."
62,"В северо-восточном направлении на расстоянии 25 метров, В северо-восточном направлении на расстоянии 19 метров, В северо-восточном направлении на расстоянию 191 метра, В северо-западном направлении на расстоянии 82 метра, В юго-западном направлении на расстоянии 58 метров, В северо-восточном направлении на расстояниях 18 метров, В западном направлении на расстоянии 18 метров, В северо-восточном направлении на расширительных участках на расстоянии 52 метра, В северо-восточном направлении на расширительном участке на расстоянии 52 метра, В северо-восточной части территории на расстоянии 52 метра, В северо-восточному направлении на расстоянии 52 метра, В северо-восточных частях территории на расстоянии 52 метра, В северо-западной части территории на расстоянии 82 метра, В северо-западном направлении на расстояниях 82 метра, В северо-западной части территории на расширительной площади на расстоянии 82 метра, В северо-западу от территории на расстоянии 82 метра, В северо-восточной части территории на расширительной площади на расстоянии 52 метра, В северо-восточный сектор территории на расстоянии 52 метра, В северо-северо-восточной части территории на расстоянии 52 метра."
63,"Раздел 11. Объекты и производства аграрного комплекса, класс IV, п.9 «1.4.9. Гаражи и парки по реконструкции, техническому обслуживанию и хранению грузовых автомобильных и сельскохозяйственных машин с количеством постов до 10 включительно»,."
64,Площадка №3 расположена на следующем кадастровом участке:.
65,В северо-восточном направлении на расстоянии 25 метров.
66,"Участок находится на территории города Новочеркасска, на улице Рандомной, дом 23.
Ответ: Участок находится на территории города Новочеркасского, на улице Рандомной, дом 23"
67,Для ведения личного подсобного хозяйства.
68,"Ориентировочная санитарно-защитная зоны для всех площадок установлены в соответствии с СанПиН 2.2.1.2.1200-03 /10/.,На расстоянии 100м расположена территория под зданием школы. На расстоянии 133м расположена нормированная территория для ведения личного подсобного хозяйства (КN: 61:38:0080402:132; Ростовская обл., р-н. Новочеркасский, г. Новочеркasск , ул. Вымышленная, 20; разрешенное использование: для ведения постоянного или временного личного подсобного хозяйства).,Ближайшая зона жилой находится в юго-восточном направлении на расстоянии 100 м расположена нормируемая территория для ведения постоянного или временного личного подсобнего хозяйства (КН: 61:38:0100401:132; Ростовская обл, р-н Новочеркасский, г. Новочеркасск , ул. Вымысленная, 20; разрешенное использование: для выращивания сельскохозяйственных культур, животных и растений, а также для ведения постоянного или временного личного подсобственного хозяйства).,На расстоянии 100м расположена территория, под которой расположены объекты общественного питания. На расстоянии 133м расположена нормировая территория для ведения постоянного или временного личного подсобного хозяйства (КН: 61:39:0080401:132; Рост. обл., р-н Новочеркасский, г. Нов. Черкасск , ул. Рандомная, 6; разрешенное использование: для ведения постоянного личного подсобного хозяйства).,На расстоянии 100м расположено здание школы. На расстоянии 133м расположена Нормируемая территория для ведения постоянного или периодического личного подсобного хозяйства (КН: 61.39.0080401:132; Ростовской обл., р-н Новочеркасский, г. Новая Черкасск, ул. Рандомная, 6; разрешенный использование: для ведения постоянного личного подсобного хоз. и для временного личного подсобного хоз.).,На расстоянии 100м расположена территория с объектами общественного питания. На расстоянии 133 м расположена нормируемая территория для ведения периодического личного подсобного хозяйства (КН:61:39:0080401:252; Рост. обл., р-н Новочеркасск, г. Новая Черкасск, пер. Кавказский, д. 6; разрешенное использование: для ведения периодического личного подсобного хоз.).,На расстоянии 90м расположена территория под зданием школы. На расширительном расстоянии 133м расположена нормируемое место для ведения постоянного личного подсобного хозяйства (КН: 61 :39:0080401:132 ; Ростовская обл., р-н Новочеркасский , г. Новая Черкасск , ул. Рандомная, 10; разрешенное использование: для выращивания сельскохозяйственных культур, животных и растений, и для ведения постоянного личного подсобного хозяйства)."
69,"Приложение 3.
Ситуационный план территории объекта ОНВ представлен в приложении 3.
Контекст: Ситуационный план территории объекта ОНВ представлен в Приложении 3.
Ответ: Приложение 3."
70,"Площадка №1 расположена на нескольких кадастовых участках. В настоящее время на ней расположены следующие структурные подразделения:,
  bot"
71,"Площадь крытого тока составляет 400 м², Координаты середины 3-й стороны (м),Координаты середины третьей стороны (м),Координаты середины третьего стороны (м),Координаты середины третьих сторон (м),Координаты середины третьих сторо- ных (м),Координаты середины третьих сто- ных (м),Координаты середины третий сто- ной стороны (м),Координаты середины треть- ей стороны (м),Координаты середины тре- яей стороны (м),Координаты середины тре- йей стороны (м),Координаты середины тре -ей стороны (м),Координаты середины тре – йей стороны (м),Координаты середины тре- яей стороны (м),Координаты середин тре- яей стороны (м),Координаты середин тре- яей стороны (м),Координаты се- редни тре- яей стороны (м),Координаты середни тре- яей стороны (м),Координаты с- редни тре- яей стороны (м),Координата середины тре- яей стороны (м),Координата сере- дни тре- яей стороны (м),Координаты тре- яей стороны (м),Координаты тре -ей стороны (м),Координаты тре- яей сто- ной стороны (м),Координаты тре- яей сто -ной стороны (м),Координаты тре- яей сторо- ной стороны (м),Координаты тре- йей сто- ной стороны (м),Координаты три- яей сто- ной стороны (м),Координата тре- яей сто- ной стороны (м),Кооридинаты тре- яей сто- ной стороны (м)
  bot_vk: Входные данные: Координаты середины 1-й стороны (м) = 27.896, Координаты середины 2-й стороны (м) = 27.897, Координаты середины 3-й стороны (m) = 27.898, Координаты середины третьей стороны (м) = 27.899, Координаты середины третьих сторон (м) = 27.900, Координаты середины третьих сто- ных (m) = 27.901, Координаты середины третьих сто- ной стороны (м) = 27.902, Координаты середины тре- яей стороны (м) = 27.903, Координаты середины тре- йей стороны (м) = 27.904, Координаты середины тре -ей стороны (м) = 27.905, Координаты середины тре- яей сто- ной стороны (м) = 27.899, Coordinate of the center of the square: 27.898, Coordinates of the sides: 27.896, 27.897, 27.898, 27.899, 27.900, 27.901, 27.902, 27.903, 27.904, 27.905, 27.899"
72,Осуществляется хранение чечевицы на зерносклад до 240 дней в году.
73,"Погрузка ячменя в автотранспорт осущаживается зернометом, работающим на электродвигателе. Ячмень хранится на зерноскладе до 240 суток в году. Выброс загрязняющих веществ, выделяющихся в процессе пересыпки из автотранспорта на зернохранилище, хранения ячменя, пересыпки ячменя в автотранспорт, приняты как неорганизованные источники ИЗАВ № 6006.,Зерносклад № 1 - На площадке расположен зерносклад №1, площадью 812,4 м2. На этот зерносклад привозится пшеница с тока. Погрузка пшеницы в автотр, работающему на электродвигателе. Пшеница хранится на зерноскладе до 240 да, в год. Выброс загрязняющих веществ от пересапки из автотранспорта на зерносклад и работ ДВС автотранспорта приняты как неорган, источники ИЗАВ № 6007.,Пересыпка зерновых культур в автотранспорт - это процесс перевозки зерновых культур из одного места на другое, обычно с использованием автомобилей или грузовых автомобилей. Это может быть связано с перевозкой зерновых культур между различными регионами, между складами и фабриками, а также между сельскохозяйственными предприятиями. Пересыпка зерновых культур в автотранспорт является одним из наиболее распространенных способов транспортировки зерновых культур."
74,Они выделяются от ИЗАВ №6004.
75,"Зерноочистительная машина Петкус K-547 оборудована циклоном ЦН- 15 с эффективностью очистки 95,5%."
76,"13 тракторов, 14 грузовых автомашин, 3 опрыскивателей и 8 комбайнов."
77,8
78,"В помещении мехмастерской проводятся различные научно-исследовательские и учебные работы, а также выполняется техническое обслуживание оборудования."
79,Угольный котел Дон-60.
80,На предприятии 31 источник загрязнения атмосферы.
81,"Эффективность очистки циклона ЦН-15 составляет 96,5%."
82,На предприятии отсутствуют залповые выбросы.
83,"В таблице 1 приведена информация о загрязнении атмосферы на существующее положение, а также о параметрах выбросов на существующее положение, которые являются основой для расчета величин ПДВ."
84,В соответствии с письмом ФГБУ «Северо-Западное Управление Роспотребнадзора» № 314/1-16/7309 от декабря 2022 года.
85,Да.
86,"Наименование передвижного источника выбрасывания - ""Станция технического обслуживания автомобилей"".
, Вопрос: Каковы наименования и номера установки очистки газа и установок очистки воздуха на объекте ОНВ?
, Ответ: Установка очистки газа №1 имеет марку ""М-200"", а установка очистки воздуха №2 имеет марку ""М-300""."
87,"В России наибольший годовой выброс содержит углекислый газ (CO2), который составляет около 30% от общего объёма выбросов."
88,"Из результатов расчета максимального разового выброса для каждого типа автотренспордных средств в итоговые результаты по источнику занесены наиболее высокие значения, полученные с учетом неодновременности, нестационарности и неоднократного воздействия на окружающую среду."
89,"Жидкие и газообразные загрязнители могут быть более опасными для окружающей среды, так как они легче распространяются и могут достигать больших высот. Твёрдые загрязнители обычно не распространяются на такое расстояние и могут быть менее опасны для окружающей среды."
90,"В годовой выбор можно было бы указать только один год, так как данная информация относится к конкретному периоду времени."
91,"Нет, создается не хлопковая пыль, а обычная пыль."
92,"В зависимости от сложности расчета и количества выбросов, может использоваться до 1000 точек."
